,name,link,company,city,salary_min,salary_max,salary_currency
0,Графический дизайнер,https://hh.ru/vacancy/49230167?from=vacancy_search_list&hhtmFrom=vacancy_search_list&query=design,Экостандарт,"Москва, Бауманская",70000,,руб.
1,UI/UX дизайнер (Gamedev),https://hh.ru/vacancy/43310773?from=vacancy_search_list&hhtmFrom=vacancy_search_list&query=design,Студия Кефир,Москва,,,
2,"Менеджер проектов (продажа мебели, премиум)",https://hh.ru/vacancy/54531502?from=vacancy_search_list&hhtmFrom=vacancy_search_list&query=design,Gordon Design Studio,"Москва, Динамо и еще 1 ",40000,250000,
3,Ведущий креативный дизайнер,https://hh.ru/vacancy/53640647?from=vacancy_search_list&hhtmFrom=vacancy_search_list&query=design,LIMONI,"Москва, Первомайская",100000,120000,
4,Швея по шторам,https://hh.ru/vacancy/54515210?from=vacancy_search_list&hhtmFrom=vacancy_search_list&query=design,AJ Design,Москва,50000,,руб.
5,Арт-директор/Продуктовый дизайнер/Графический дизайнер,https://hh.ru/vacancy/52565839?from=vacancy_search_list&hhtmFrom=vacancy_search_list&query=design,ООО Академия Арт,Москва,,,
6,Дизайнер-верстальщик,https://hh.ru/vacancy/52427665?from=vacancy_search_list&hhtmFrom=vacancy_search_list&query=design,ООО Аледо,"Москва, Нагатинская",,60000,руб.
7,Графический дизайнер,https://hh.ru/vacancy/54515860?from=vacancy_search_list&hhtmFrom=vacancy_search_list&query=design,Трухин Григорий Викторович,Москва,40000,,руб.
8,Дизайнер интерьера,https://hh.ru/vacancy/50699121?from=vacancy_search_list&hhtmFrom=vacancy_search_list&query=design,ООО Rerooms,Москва,,,
9,Графический дизайнер (Удаленная работа),https://hh.ru/vacancy/35659402?from=vacancy_search_list&hhtmFrom=vacancy_search_list&query=design,ООО Go Mobile,"Москва, Цветной бульвар",,,
10,Графический дизайнер (Effects),https://hh.ru/vacancy/54558563?from=vacancy_search_list&hhtmFrom=vacancy_search_list&query=design,Prequel,Москва,,,
11,Продуктовый дизайнер (UX-UI),https://hh.ru/vacancy/53228036?from=vacancy_search_list&hhtmFrom=vacancy_search_list&query=design,Сайтсофт,"Москва, Бауманская",,150000,руб.
12,Дизайнер,https://hh.ru/vacancy/51401596?from=vacancy_search_list&hhtmFrom=vacancy_search_list&query=design,Sminex,Москва,140000,,руб.
13,Ведущий программист 1С,https://hh.ru/vacancy/54349430?from=vacancy_search_list&hhtmFrom=vacancy_search_list&query=design,Barcelona Design,"Москва, Курская и еще 1 ",,,
14,Архитектор-дизайнер,https://hh.ru/vacancy/54527041?from=vacancy_search_list&hhtmFrom=vacancy_search_list&query=design,Вирке Хаус,Москва,60000,165000,
15,"Руководитель проектов (продажа мебели, премиум)",https://hh.ru/vacancy/54534689?from=vacancy_search_list&hhtmFrom=vacancy_search_list&query=design,Gordon Design Studio,"Москва, Динамо и еще 1 ",60000,150000,
16,Архитектор-дизайнер,https://hh.ru/vacancy/54389714?from=vacancy_search_list&hhtmFrom=vacancy_search_list&query=design,ООО ЛЕО Компани,"Москва, Бульвар Рокоссовского и еще 2 ",80000,,руб.
17,Дизайнер презентаций/Архитектура,https://hh.ru/vacancy/54502595?from=vacancy_search_list&hhtmFrom=vacancy_search_list&query=design,ООО Даер Рус,"Москва, Динамо",50000,,руб.
18,Дизайнер по интерьерам и экстерьерам автомобилей,https://hh.ru/vacancy/54601454?from=vacancy_search_list&hhtmFrom=vacancy_search_list&query=design,ООО Zart,Москва,150000,200000,руб.
19,Дизайнер презентаций,https://hh.ru/vacancy/52605330?from=vacancy_search_list&hhtmFrom=vacancy_search_list&query=design,BetBoom,Москва,,,
20,Дизайнер презентаций,https://hh.ru/vacancy/54198607?from=vacancy_search_list&hhtmFrom=vacancy_search_list&query=design,ООО Digital Reputation,Москва,,,
21,UX\UI Дизайнер,https://hh.ru/vacancy/54524294?from=vacancy_search_list&hhtmFrom=vacancy_search_list&query=design,ООО Тритон,Москва,100000,,руб.
22,Senior Product Designer,https://hh.ru/vacancy/54058120?from=vacancy_search_list&hhtmFrom=vacancy_search_list&query=design,TIMELESS (ООО Оксбридж),"Москва, Курская и еще 2 ",300000,400000,руб.
23,Junior Designer,https://hh.ru/vacancy/54604745?from=vacancy_search_list&hhtmFrom=vacancy_search_list&query=design,Sports.ru,"Москва, Новокузнецкая и еще 2 ",,,
24,Помощник дизайнера (Junior Web-designer),https://hh.ru/vacancy/54438997?from=vacancy_search_list&hhtmFrom=vacancy_search_list&query=design,ExpAs,"Москва, Сетунь",20000,40000,
25,Product designer,https://hh.ru/vacancy/50888202?from=vacancy_search_list&hhtmFrom=vacancy_search_list&query=design,Точка,Москва,200000,,руб.
26,Product designer,https://hh.ru/vacancy/53960039?from=vacancy_search_list&hhtmFrom=vacancy_search_list&query=design,Center-Game,"Москва, Ботанический сад",150000,220000,руб.
27,Lead Product Designer,https://hh.ru/vacancy/53679739?from=vacancy_search_list&hhtmFrom=vacancy_search_list&query=design,NOMIA,Москва,300000,,руб.
28,Game Designer / Геймдизайнер,https://hh.ru/vacancy/54371910?from=vacancy_search_list&hhtmFrom=vacancy_search_list&query=design,Digital Oxygen,Москва,50000,,руб.
29,Арт-директор,https://hh.ru/vacancy/54573357?from=vacancy_search_list&hhtmFrom=vacancy_search_list&query=design,Mish Design,Москва,150000,220000,руб.
30,Game designer (работа в офисе),https://hh.ru/vacancy/54485865?from=vacancy_search_list&hhtmFrom=vacancy_search_list&query=design,ООО Овермайнд,"Москва, Минская",,120000,руб.
31,Стажер – дизайнер,https://hh.ru/vacancy/54571148?from=vacancy_search_list&hhtmFrom=vacancy_search_list&query=design,Лаборатория Касперского,"Москва, Водный стадион",,,
32,Графический дизайнер,https://hh.ru/vacancy/54552666?from=vacancy_search_list&hhtmFrom=vacancy_search_list&query=design,ФГАОУ ВО Российский университет транспорта (МИИТ),Москва,150000,,руб.
33,Motion designer / Motion designer (Анимация интерфейсов),https://hh.ru/vacancy/53653061?from=vacancy_search_list&hhtmFrom=vacancy_search_list&query=design,ИП Саковская Людмила Владимировна,Москва,2000,,USD
34,Графический дизайнер,https://hh.ru/vacancy/53208714?from=vacancy_search_list&hhtmFrom=vacancy_search_list&query=design,iConText Group,"Москва, Достоевская и еще 2 ",70000,,руб.
35,Графический дизайнер,https://hh.ru/vacancy/51654837?from=vacancy_search_list&hhtmFrom=vacancy_search_list&query=design,BORK,Москва,100000,,руб.
36,Motion Designer,https://hh.ru/vacancy/54596044?from=vacancy_search_list&hhtmFrom=vacancy_search_list&query=design,Reliz,Москва,,,
37,Графический дизайнер,https://hh.ru/vacancy/51707131?from=vacancy_search_list&hhtmFrom=vacancy_search_list&query=design,ООО Сеть Партнерств,Москва,130000,,руб.
38,Графический дизайнер/Graphic Designer,https://hh.ru/vacancy/52695494?from=vacancy_search_list&hhtmFrom=vacancy_search_list&query=design,Instories,Москва,,,
39,Graphic designer – remote,https://hh.ru/vacancy/54568475?from=vacancy_search_list&hhtmFrom=vacancy_search_list&query=design,ООО Тайгер Трейд,Москва,,,
40,Дизайнер интерьеров,https://hh.ru/vacancy/53834099?from=vacancy_search_list&hhtmFrom=vacancy_search_list&query=design,RED ROBOT DESIGN,Москва,100000,,руб.
41,3D-дизайнер по рекламе (В ОФИС),https://hh.ru/vacancy/54526850?from=vacancy_search_list&hhtmFrom=vacancy_search_list&query=design,BRADEX,"Москва, Улица Академика Янгеля",100000,120000,руб.
42,Product designer,https://hh.ru/vacancy/54603741?from=vacancy_search_list&hhtmFrom=vacancy_search_list&query=design,ANCOR,Москва,,,
43,UX/UI designer,https://hh.ru/vacancy/53960053?from=vacancy_search_list&hhtmFrom=vacancy_search_list&query=design,Center-Game,"Москва, Ботанический сад",90000,150000,
44,Game designer (feature),https://hh.ru/vacancy/54262708?from=vacancy_search_list&hhtmFrom=vacancy_search_list&query=design,ООО Чиллгейминг,Москва,,,
45,Арт-дизайнер,https://hh.ru/vacancy/54329487?from=vacancy_search_list&hhtmFrom=vacancy_search_list&query=design,ЗАО Центрстройсвет,"Москва, Медведково",100000,,руб.
46,Графический дизайнер,https://hh.ru/vacancy/54602087?from=vacancy_search_list&hhtmFrom=vacancy_search_list&query=design,ИП Миневич Динара Иосифовна,Москва,,100000,руб.
47,Дизайнер,https://hh.ru/vacancy/54570135?from=vacancy_search_list&hhtmFrom=vacancy_search_list&query=design,ООО Регион Эстейт,"Москва, Смоленская и еще 1 ",100000,100000,руб.
48,Game Designer Middle UNITY,https://hh.ru/vacancy/54437120?from=vacancy_search_list&hhtmFrom=vacancy_search_list&query=design,ИП КУЛИКОВ,"Москва, Деловой центр",100000,,руб.
49,Дизайнер,https://hh.ru/vacancy/52617742?from=vacancy_search_list&hhtmFrom=vacancy_search_list&query=design,ИП Быков Максим Андреевич,"Москва, Белорусская и еще 1 ",,,
50,UX/UI дизайнер,https://hh.ru/vacancy/54205267?from=vacancy_search_list&hhtmFrom=vacancy_search_list&query=design,Mish Design,Москва,120000,210000,
51,Дизайнер,https://hh.ru/vacancy/54237269?from=vacancy_search_list&hhtmFrom=vacancy_search_list&query=design,ООО Доширак Рус,Москва,55000,,руб.
52,Level designer/Левел-дизайнер,https://hh.ru/vacancy/54460955?from=vacancy_search_list&hhtmFrom=vacancy_search_list&query=design,ООО PlayMe8,Москва,,,
53,Дизайнер-художник/дизайнер 2D-дженералист/помощник дизайнера,https://hh.ru/vacancy/54568762?from=vacancy_search_list&hhtmFrom=vacancy_search_list&query=design,ООО ЭВАРС,Москва,,50000,руб.
54,Гейм дизайнер / Game designer,https://hh.ru/vacancy/54598241?from=vacancy_search_list&hhtmFrom=vacancy_search_list&query=design,VIM DIGITAL,"Москва, Киевская",,,
55,Геймдизайнер в группу фичей / Senior Game Designer (Features),https://hh.ru/vacancy/54374612?from=vacancy_search_list&hhtmFrom=vacancy_search_list&query=design,RJ Games,"Москва, Новокузнецкая и еще 2 ",,,
56,Motion designer (Effects),https://hh.ru/vacancy/54557859?from=vacancy_search_list&hhtmFrom=vacancy_search_list&query=design,Prequel,Москва,,,
57,Senior Product designer,https://hh.ru/vacancy/54211435?from=vacancy_search_list&hhtmFrom=vacancy_search_list&query=design,eyezon,"Москва, Динамо и еще 1 ",,,
58,ASIC Backend Design Engineer,https://hh.ru/vacancy/54554697?from=vacancy_search_list&hhtmFrom=vacancy_search_list&query=design,DIS Group,Москва,4000,,USD
59,Графический дизайнер,https://hh.ru/vacancy/54603518?from=vacancy_search_list&hhtmFrom=vacancy_search_list&query=design,Группа Компаний Текар,Москва,50000,70000,USD
60,Графический дизайнер,https://hh.ru/vacancy/54252662?from=vacancy_search_list&hhtmFrom=vacancy_search_list&query=design,ЗАО Центрстройсвет,"Москва, Медведково",70000,,руб.
61,Дизайнер,https://hh.ru/vacancy/54379425?from=vacancy_search_list&hhtmFrom=vacancy_search_list&query=design,ООО Юнион,Москва,,,
62,3D-моделлер,https://hh.ru/vacancy/54244038?from=vacancy_search_list&hhtmFrom=vacancy_search_list&query=design,ДИВАН.РУ,Москва,,,
63,Senior Graphic Designer,https://hh.ru/vacancy/54042368?from=vacancy_search_list&hhtmFrom=vacancy_search_list&query=design,ТОО OrientSwiss,Москва,,,
64,Дизайнер UI/UX,https://hh.ru/vacancy/54587789?from=vacancy_search_list&hhtmFrom=vacancy_search_list&query=design,РТС-тендер,Москва,,,
65,Level Designer,https://hh.ru/vacancy/53688539?from=vacancy_search_list&hhtmFrom=vacancy_search_list&query=design,ТОО MadOut Games,Москва,,,
66,Продуктовый дизайнер UX/UI / Product designer,https://hh.ru/vacancy/53981184?from=vacancy_search_list&hhtmFrom=vacancy_search_list&query=design,Группа Самолет,Москва,,,
67,UX/UI дизайнер,https://hh.ru/vacancy/54596595?from=vacancy_search_list&hhtmFrom=vacancy_search_list&query=design,ООО Регион Маркетплейс,Москва,100000,100000,
68,Lead Designer,https://hh.ru/vacancy/52497553?from=vacancy_search_list&hhtmFrom=vacancy_search_list&query=design,"Accel Club, Inc","Москва, Савёловская и еще 2 ",,,
69,Графический дизайнер,https://hh.ru/vacancy/54479862?from=vacancy_search_list&hhtmFrom=vacancy_search_list&query=design,ВинЭкс,"Москва, Тульская",50000,70000,
70,Level Designer,https://hh.ru/vacancy/54567168?from=vacancy_search_list&hhtmFrom=vacancy_search_list&query=design,Talents In Games,Москва,,,
71,Product Designer (remote),https://hh.ru/vacancy/54462067?from=vacancy_search_list&hhtmFrom=vacancy_search_list&query=design,Wisebits,Москва,3000,,EUR
72,UX/UI Дизайнер,https://hh.ru/vacancy/54593843?from=vacancy_search_list&hhtmFrom=vacancy_search_list&query=design,ООО Омега,Москва,120000,,руб.
73,Motion Designer,https://hh.ru/vacancy/53423165?from=vacancy_search_list&hhtmFrom=vacancy_search_list&query=design,Студия КиС,"Москва, Серпуховская",80000,,руб.
74,Level Designer,https://hh.ru/vacancy/53986546?from=vacancy_search_list&hhtmFrom=vacancy_search_list&query=design,Joy Way,Москва,,,
75,Senior Ui designer (Дизайн-система),https://hh.ru/vacancy/52122138?from=vacancy_search_list&hhtmFrom=vacancy_search_list&query=design,Лаборатория Касперского,"Москва, Водный стадион",,,
76,Motion Designer,https://hh.ru/vacancy/52467322?from=vacancy_search_list&hhtmFrom=vacancy_search_list&query=design,Instories,Москва,,,
77,Архитектор,https://hh.ru/vacancy/54382761?from=vacancy_search_list&hhtmFrom=vacancy_search_list&query=design,DESIGN SOLUTIONS,Москва,,,
78,Product Designer,https://hh.ru/vacancy/54482204?from=vacancy_search_list&hhtmFrom=vacancy_search_list&query=design,ООО Оскели Групп,Москва,,,
79,2D Motion-Designer,https://hh.ru/vacancy/49123264?from=vacancy_search_list&hhtmFrom=vacancy_search_list&query=design,AppQuantum,"Москва, Автозаводская",,,
80,Дизайнер интерьеров,https://hh.ru/vacancy/53276496?from=vacancy_search_list&hhtmFrom=vacancy_search_list&query=design,ООО Эталон Ремонт,Москва,160000,,руб.
81,Technical Game Designer,https://hh.ru/vacancy/53567420?from=vacancy_search_list&hhtmFrom=vacancy_search_list&query=design,ООО МОТОРСПОРТ,Москва,100000,160000,руб.
82,Дизайнер,https://hh.ru/vacancy/54246285?from=vacancy_search_list&hhtmFrom=vacancy_search_list&query=design,Агентство стратегического развития «ЦЕНТР»,"Москва, Арбатская",50000,70000,руб.
83,Senior Digital Product Designer,https://hh.ru/vacancy/54499122?from=vacancy_search_list&hhtmFrom=vacancy_search_list&query=design,AdGuard,"Москва, Тульская и еще 1 ",,,
84,Дизайнер пользовательских интерфейсов (UX/UI),https://hh.ru/vacancy/54478030?from=vacancy_search_list&hhtmFrom=vacancy_search_list&query=design,ЗАО ТЕРМИКА,Москва,90000,120000,
85,Game Monetization Designer / LiveOps,https://hh.ru/vacancy/54465822?from=vacancy_search_list&hhtmFrom=vacancy_search_list&query=design,Plarium,Москва,,,
86,Lead Product Designer (Demand),https://hh.ru/vacancy/54509597?from=vacancy_search_list&hhtmFrom=vacancy_search_list&query=design,СберМаркет,Москва,,,
87,Графический дизайнер,https://hh.ru/vacancy/54499219?from=vacancy_search_list&hhtmFrom=vacancy_search_list&query=design,ООО Фиджи Спорт Клуб,Москва,,80000,руб.
88,Layout Designer (Marketing Design Agency),https://hh.ru/vacancy/54419215?from=vacancy_search_list&hhtmFrom=vacancy_search_list&query=design,Semrush,Москва,,,
89,Графический дизайнер,https://hh.ru/vacancy/54432372?from=vacancy_search_list&hhtmFrom=vacancy_search_list&query=design,Муз-ТВ,"Москва, Бауманская и еще 2 ",,,
90,Motion Designer,https://hh.ru/vacancy/54425592?from=vacancy_search_list&hhtmFrom=vacancy_search_list&query=design,IT-hunters,Москва,70000,80000,
91,Product designer,https://hh.ru/vacancy/54381317?from=vacancy_search_list&hhtmFrom=vacancy_search_list&query=design,ООО ЕСН,"Москва, Парк культуры",200000,,руб.
92,UX/UI designer,https://hh.ru/vacancy/53704901?from=vacancy_search_list&hhtmFrom=vacancy_search_list&query=design,Т1 Консалтинг,"Москва, Автозаводская и еще 1 ",,,
93,Lead UI/UX Designer,https://hh.ru/vacancy/53983047?from=vacancy_search_list&hhtmFrom=vacancy_search_list&query=design,Game Insight,Москва,,,
94,Senior UX/UI Designer,https://hh.ru/vacancy/53702520?from=vacancy_search_list&hhtmFrom=vacancy_search_list&query=design,Game Insight,Москва,,,
95,Визуализатор,https://hh.ru/vacancy/54434845?from=vacancy_search_list&hhtmFrom=vacancy_search_list&query=design,ООО BOLOTNY architecture & design,"Москва, Пушкинская и еще 1 ",,,
96,Game designer (match 2 core),https://hh.ru/vacancy/54296925?from=vacancy_search_list&hhtmFrom=vacancy_search_list&query=design,Nakusi Games,Москва,,,
97,Motion designer,https://hh.ru/vacancy/54459984?from=vacancy_search_list&hhtmFrom=vacancy_search_list&query=design,Корпорация СИНЕРГИЯ,Москва,90000,100000,
98,UI/UX дизайнер,https://hh.ru/vacancy/53555606?from=vacancy_search_list&hhtmFrom=vacancy_search_list&query=design,idaproject,"Москва, Калужская",70000,,руб.
99,Senior UX Designer,https://hh.ru/vacancy/53266406?from=vacancy_search_list&hhtmFrom=vacancy_search_list&query=design,Game Insight,Москва,,,
100,UI-дизайнер,https://hh.ru/vacancy/51725383?from=vacancy_search_list&hhtmFrom=vacancy_search_list&query=design,ЛИЦА,Москва,120000,,руб.
101,Product UX/UI designer,https://hh.ru/vacancy/54376305?from=vacancy_search_list&hhtmFrom=vacancy_search_list&query=design,Лига Ставок,"Москва, Белорусская",,,
102,Senior 2D Motion Designer (Старший 2д моушн-дизайнер),https://hh.ru/vacancy/54397245?from=vacancy_search_list&hhtmFrom=vacancy_search_list&query=design,Multiways,"Москва, Ботанический сад и еще 2 ",80000,,руб.
103,Ведущий геймдизайнер / Lead Game Designer (gamedev),https://hh.ru/vacancy/54296615?from=vacancy_search_list&hhtmFrom=vacancy_search_list&query=design,"GAME-GARDEN, Компания",Москва,,,
104,Game Designer (Hyper Casual),https://hh.ru/vacancy/53632920?from=vacancy_search_list&hhtmFrom=vacancy_search_list&query=design,Nakusi Games,Москва,,,
105,Senior Game Designer/Старший Гейм Дизайнер,https://hh.ru/vacancy/53875037?from=vacancy_search_list&hhtmFrom=vacancy_search_list&query=design,ТОО Rhinotales,Москва,,,
106,UX / UI Designer,https://hh.ru/vacancy/54436801?from=vacancy_search_list&hhtmFrom=vacancy_search_list&query=design,Xometry Europe GmbH,Москва,,,
107,Дизайнер интерьеров,https://hh.ru/vacancy/54001807?from=vacancy_search_list&hhtmFrom=vacancy_search_list&query=design,Mossebo (ИП Амелин Александр Вячеславович),"Москва, Автозаводская и еще 2 ",,,
108,Графический дизайнер,https://hh.ru/vacancy/54368998?from=vacancy_search_list&hhtmFrom=vacancy_search_list&query=design,Esterk Lux Parfum,"Москва, Полежаевская",,,
109,Веб-дизайнер/Web-designer,https://hh.ru/vacancy/53182018?from=vacancy_search_list&hhtmFrom=vacancy_search_list&query=design,РОСЭЛТОРГ,"Москва, Павелецкая",,,
110,Дизайнер,https://hh.ru/vacancy/53450834?from=vacancy_search_list&hhtmFrom=vacancy_search_list&query=design,ООО Портобелло Продактс,"Москва, Улица 1905 года",70000,,руб.
111,"Дизайнер - консультант ""ЛайтКухни""",https://hh.ru/vacancy/53868974?from=vacancy_search_list&hhtmFrom=vacancy_search_list&query=design,ООО ЛАЙТ,Москва,80000,,руб.
112,3D Motion Designer / 3D-Generalist (CG-дженералист),https://hh.ru/vacancy/54397138?from=vacancy_search_list&hhtmFrom=vacancy_search_list&query=design,Multiways,"Москва, Ботанический сад и еще 2 ",100000,,руб.
113,Гейм-дизайнер Middle +,https://hh.ru/vacancy/54407113?from=vacancy_search_list&hhtmFrom=vacancy_search_list&query=design,Red Pill Studio,Москва,,180000,руб.
114,Junior game designer/Геймдизайнер,https://hh.ru/vacancy/54295761?from=vacancy_search_list&hhtmFrom=vacancy_search_list&query=design,PlayFlock,"Москва, ВДНХ",,,
115,Motion Designer,https://hh.ru/vacancy/54379396?from=vacancy_search_list&hhtmFrom=vacancy_search_list&query=design,Azur Games,"Москва, Баррикадная и еще 2 ",,,
116,Web Designer (to Cyprus),https://hh.ru/vacancy/49085706?from=vacancy_search_list&hhtmFrom=vacancy_search_list&query=design,ООО Меркурио,"Москва, Дмитровская",,,
117,Texture Artist/Художник по текстурам (GameDev),https://hh.ru/vacancy/54328255?from=vacancy_search_list&hhtmFrom=vacancy_search_list&query=design,Gaijin Games,Москва,,,
118,UI-дизайнер веб-интерфейсов,https://hh.ru/vacancy/53616357?from=vacancy_search_list&hhtmFrom=vacancy_search_list&query=design,ООО Современные информационные технологии,Москва,,,
119,UX/UI designer,https://hh.ru/vacancy/49796120?from=vacancy_search_list&hhtmFrom=vacancy_search_list&query=design,"АО Точных Приборов, НИИ","Москва, Отрадное",,,
120,UX/UI Дизайнер (проектировщик интерфейсов),https://hh.ru/vacancy/54395277?from=vacancy_search_list&hhtmFrom=vacancy_search_list&query=design,Монополия,Москва,,,
121,Lead UI/UX Designer,https://hh.ru/vacancy/51943548?from=vacancy_search_list&hhtmFrom=vacancy_search_list&query=design,KamaGames Studio,"Москва, Новокузнецкая",,,
122,Промышленный дизайнер / Industrial designer (MTS Devices),https://hh.ru/vacancy/53314151?from=vacancy_search_list&hhtmFrom=vacancy_search_list&query=design,ПАО «МТС» ,"Москва, Технопарк",,,
123,UI Designer (Senior),https://hh.ru/vacancy/54218853?from=vacancy_search_list&hhtmFrom=vacancy_search_list&query=design,Лаборатория Касперского,Москва,,,
124,Дизайнер интерьеров,https://hh.ru/vacancy/54213353?from=vacancy_search_list&hhtmFrom=vacancy_search_list&query=design,Студия дизайна Wanted Design Studio,Москва,70000,130000,
125,Middle Frontend разработчик,https://hh.ru/vacancy/54290143?from=vacancy_search_list&hhtmFrom=vacancy_search_list&query=design,ООО Авторские медиа,Москва,200000,220000,
126,Product Designer (mobile),https://hh.ru/vacancy/53986009?from=vacancy_search_list&hhtmFrom=vacancy_search_list&query=design,ООО Талала,Москва,,,
127,Графический дизайнер,https://hh.ru/vacancy/54299494?from=vacancy_search_list&hhtmFrom=vacancy_search_list&query=design,ИП Агентство по трудоустройству Ольги Тихомировой,Москва,,,
128,Дизайнер в рекламное агентство (проектная работа),https://hh.ru/vacancy/54044140?from=vacancy_search_list&hhtmFrom=vacancy_search_list&query=design,Веб-студия Мы Еноты,Москва,80000,150000,
129,3D Motion Designer / Моушен Дизайнер / CG Generalist,https://hh.ru/vacancy/54291425?from=vacancy_search_list&hhtmFrom=vacancy_search_list&query=design,ООО Экокомерс,Москва,60000,120000,
130,Industrial Designer,https://hh.ru/vacancy/53277051?from=vacancy_search_list&hhtmFrom=vacancy_search_list&query=design,Русджам Стеклотара Холдинг,"Москва, Бабушкинская",,,
131,Ui designer (Дизайн-система),https://hh.ru/vacancy/54219398?from=vacancy_search_list&hhtmFrom=vacancy_search_list&query=design,Лаборатория Касперского,Москва,,,
132,UI/UX-designer,https://hh.ru/vacancy/52480058?from=vacancy_search_list&hhtmFrom=vacancy_search_list&query=design,ООО IQnergy,Москва,,,
133,Графический дизайнер,https://hh.ru/vacancy/54205446?from=vacancy_search_list&hhtmFrom=vacancy_search_list&query=design,ООО ОМНИК,Москва,,,
134,Дизайнер web-анимации,https://hh.ru/vacancy/54460265?from=vacancy_search_list&hhtmFrom=vacancy_search_list&query=design,Лига Ставок,"Москва, Белорусская",,,
135,3D Motion designer / 3D Моушн Дизайнер,https://hh.ru/vacancy/52558337?from=vacancy_search_list&hhtmFrom=vacancy_search_list&query=design,ООО Мир Хобби,"Москва, Бауманская",60000,130000,
136,Senior designer UX/UI,https://hh.ru/vacancy/54355627?from=vacancy_search_list&hhtmFrom=vacancy_search_list&query=design,ИП Вейман Варвара Петровна,Москва,,,
137,UX/UI Designer,https://hh.ru/vacancy/54054195?from=vacancy_search_list&hhtmFrom=vacancy_search_list&query=design,EMCD Tech LTD,Москва,,3000,USD
138,Graphic Designer/Illustrator,https://hh.ru/vacancy/54238711?from=vacancy_search_list&hhtmFrom=vacancy_search_list&query=design,Guavapay Limited,Москва,1500,3000,USD
139,UI/UX Designer Game Dev,https://hh.ru/vacancy/54198245?from=vacancy_search_list&hhtmFrom=vacancy_search_list&query=design,Red Rift,Москва,,,
140,Product Designer,https://hh.ru/vacancy/52622587?from=vacancy_search_list&hhtmFrom=vacancy_search_list&query=design,"Иннотех, Группа компаний",Москва,,,
141,Графический дизайнер,https://hh.ru/vacancy/53822540?from=vacancy_search_list&hhtmFrom=vacancy_search_list&query=design,LEDMONSTER,"Москва, Курская",100000,,руб.
142,Product designer B2B,https://hh.ru/vacancy/54044787?from=vacancy_search_list&hhtmFrom=vacancy_search_list&query=design,СберМаркет,Москва,,,
143,Графический дизайнер,https://hh.ru/vacancy/53940242?from=vacancy_search_list&hhtmFrom=vacancy_search_list&query=design,ООО КОФЕ МАРКЕТ,Москва,50000,60000,
144,3D Motion designer,https://hh.ru/vacancy/52903869?from=vacancy_search_list&hhtmFrom=vacancy_search_list&query=design,AdQuantum,Москва,70000,,руб.
145,3D иллюстратор,https://hh.ru/vacancy/54280337?from=vacancy_search_list&hhtmFrom=vacancy_search_list&query=design,Почтовые технологии,Москва,,,
146,Lead Motion Designer (Ведущий Моушен дизайнер),https://hh.ru/vacancy/49122988?from=vacancy_search_list&hhtmFrom=vacancy_search_list&query=design,Social Quantum,"Москва, Пушкинская и еще 1 ",,,
147,Продуктовый дизайнер / Mobile designer,https://hh.ru/vacancy/53828839?from=vacancy_search_list&hhtmFrom=vacancy_search_list&query=design,Voximplant,"Москва, Тульская и еще 1 ",,,
148,Level Designer,https://hh.ru/vacancy/54298838?from=vacancy_search_list&hhtmFrom=vacancy_search_list&query=design,ООО ЛАЙТ МЭП,Москва,,,
149,Design Director,https://hh.ru/vacancy/53814309?from=vacancy_search_list&hhtmFrom=vacancy_search_list&query=design,Vigrom Corp.,Москва,,,
150,UX/UI Designer,https://hh.ru/vacancy/53931687?from=vacancy_search_list&hhtmFrom=vacancy_search_list&query=design,Skipp.pro,Москва,,2408,USD
151,UI/UX Designer (E-learning / Gamedev) / Продуктовый дизайнер,https://hh.ru/vacancy/53333473?from=vacancy_search_list&hhtmFrom=vacancy_search_list&query=design,ООО Онлайн-школа Фоксфорд,"Москва, Тульская",,,
152,"Motion designer Матч ТВ (7/7, вечер)",https://hh.ru/vacancy/54298893?from=vacancy_search_list&hhtmFrom=vacancy_search_list&query=design,ООО Матч,"Москва, Телецентр",,,
153,Product designer (KasperskyOS),https://hh.ru/vacancy/49754060?from=vacancy_search_list&hhtmFrom=vacancy_search_list&query=design,Лаборатория Касперского,"Москва, Водный стадион",,,
154,Product Designer B2B (Senior),https://hh.ru/vacancy/54205236?from=vacancy_search_list&hhtmFrom=vacancy_search_list&query=design,Лаборатория Касперского,Москва,,,
155,UX-дизайнер / UX-designer / Проектировщик интерфейсов,https://hh.ru/vacancy/52819411?from=vacancy_search_list&hhtmFrom=vacancy_search_list&query=design,ООО Квиллис,"Москва, Дмитровская",,,
156,Дизайнер интерьера/Interior designer HORECA,https://hh.ru/vacancy/52877390?from=vacancy_search_list&hhtmFrom=vacancy_search_list&query=design,УРБАН КОФИКС РАША,"Москва, Кропоткинская и еще 2 ",,,
157,UI/UX Designer,https://hh.ru/vacancy/53609722?from=vacancy_search_list&hhtmFrom=vacancy_search_list&query=design,WILDBERRIES,"Москва, Автозаводская",80000,,руб.
158,Графический дизайнер,https://hh.ru/vacancy/53802066?from=vacancy_search_list&hhtmFrom=vacancy_search_list&query=design,АО Кон.Трол,Москва,,,
159,UX/UI дизайнер,https://hh.ru/vacancy/54141910?from=vacancy_search_list&hhtmFrom=vacancy_search_list&query=design,ООО Джи Эф Си,"Москва, Улица 1905 года",,,
160,Junior Design Engineer,https://hh.ru/vacancy/51497196?from=vacancy_search_list&hhtmFrom=vacancy_search_list&query=design,Coleman Group,Москва,,,
161,2D Motion Designer (GameDev),https://hh.ru/vacancy/53933493?from=vacancy_search_list&hhtmFrom=vacancy_search_list&query=design,Playkot,Москва,,,
162,Footwear designer,https://hh.ru/vacancy/51496881?from=vacancy_search_list&hhtmFrom=vacancy_search_list&query=design,"Компания «СПОРТМАСТЕР», Производство и дистрибуция",Москва,,,
163,Game Designer,https://hh.ru/vacancy/50539213?from=vacancy_search_list&hhtmFrom=vacancy_search_list&query=design,Game Insight,Москва,,,
164,UX/UI Designer,https://hh.ru/vacancy/52247148?from=vacancy_search_list&hhtmFrom=vacancy_search_list&query=design,"Иннотех, Группа компаний","Москва, Выставочная и еще 3 ",,,
165,Product designer/продуктовый дизайнер,https://hh.ru/vacancy/52407411?from=vacancy_search_list&hhtmFrom=vacancy_search_list&query=design,B2B-Center,"Москва, Сокольники",,,
166,Дизайнер в event-агентство,https://hh.ru/vacancy/53588175?from=vacancy_search_list&hhtmFrom=vacancy_search_list&query=design,Great,Москва,,,
167,Senior Level Designer (RnD),https://hh.ru/vacancy/54055113?from=vacancy_search_list&hhtmFrom=vacancy_search_list&query=design,Белка Геймз,Москва,,,
168,Graphic Designer,https://hh.ru/vacancy/53826718?from=vacancy_search_list&hhtmFrom=vacancy_search_list&query=design,AiNanoLab,Москва,3000,4000,
169,Level Designer match-3 (Дизайнер уровней match-3),https://hh.ru/vacancy/53645876?from=vacancy_search_list&hhtmFrom=vacancy_search_list&query=design,Social Quantum,"Москва, Пушкинская и еще 1 ",,,
170,Senior UX designer,https://hh.ru/vacancy/49899031?from=vacancy_search_list&hhtmFrom=vacancy_search_list&query=design,USABILITYLAB,Москва,,,
171,Product Designer,https://hh.ru/vacancy/52304646?from=vacancy_search_list&hhtmFrom=vacancy_search_list&query=design,Smartcat,"Москва, Отрадное",,,
172,UX/UI designer,https://hh.ru/vacancy/51353280?from=vacancy_search_list&hhtmFrom=vacancy_search_list&query=design,Mercury,Москва,,,
173,Гейм-дизайнер по монетизации (MY.GAMES),https://hh.ru/vacancy/52846937?from=vacancy_search_list&hhtmFrom=vacancy_search_list&query=design,"VK, MY.GAMES",Москва,,,
174,UI/UX lead дизайнер / Арт-директор,https://hh.ru/vacancy/53699885?from=vacancy_search_list&hhtmFrom=vacancy_search_list&query=design,TIQUM,Москва,,240000,руб.
175,Product Designer,https://hh.ru/vacancy/53950090?from=vacancy_search_list&hhtmFrom=vacancy_search_list&query=design,Artec 3D Adriatica,"Москва, Библиотека им.Ленина и еще 3 ",,,
176,UX UI Designer,https://hh.ru/vacancy/53588369?from=vacancy_search_list&hhtmFrom=vacancy_search_list&query=design,Группа НЛМК,Москва,,,
177,Графический дизайнер (Web-дизайнер),https://hh.ru/vacancy/53870652?from=vacancy_search_list&hhtmFrom=vacancy_search_list&query=design,ROOMGRAM,Москва,,,
178,UI UX Дизайнер,https://hh.ru/vacancy/53777114?from=vacancy_search_list&hhtmFrom=vacancy_search_list&query=design,Kukarella,Москва,50000,90000,
179,Game Designer,https://hh.ru/vacancy/53805298?from=vacancy_search_list&hhtmFrom=vacancy_search_list&query=design,Glera Games,Москва,,,
180,Эксперт по исследованию клиентского опыта CX (b2c),https://hh.ru/vacancy/52287780?from=vacancy_search_list&hhtmFrom=vacancy_search_list&query=design,ООО HeadHunter::Product Management,"Москва, Алексеевская",,,
181,Эксперт по исследованию клиентского опыта CX (b2b),https://hh.ru/vacancy/52287498?from=vacancy_search_list&hhtmFrom=vacancy_search_list&query=design,ООО HeadHunter::Product Management,"Москва, Алексеевская",,,
182,Комплектатор в Дизайн интерьера,https://hh.ru/vacancy/54488777?from=vacancy_search_list&hhtmFrom=vacancy_search_list&query=design,Итер Групп,"Москва, Бауманская",80000,150000,
183,Business Analyst (mobile development),https://hh.ru/vacancy/54493564?from=vacancy_search_list&hhtmFrom=vacancy_search_list&query=design,ООО Чистый разум,Москва,,,
184,Java developer (команда Монетизация),https://hh.ru/vacancy/52082133?from=vacancy_search_list&hhtmFrom=vacancy_search_list&query=design,ООО HeadHunter::Backend,"Москва, Алексеевская",,,
185,Java developer (команда Интеграция),https://hh.ru/vacancy/52083698?from=vacancy_search_list&hhtmFrom=vacancy_search_list&query=design,ООО HeadHunter::Backend,"Москва, Алексеевская",,,
186,Frontend разработчик,https://hh.ru/vacancy/54468910?from=vacancy_search_list&hhtmFrom=vacancy_search_list&query=design,ООО Сошал Системс,"Москва, Коломенская",100000,200000,
187,Инженер-конструктор,https://hh.ru/vacancy/54463551?from=vacancy_search_list&hhtmFrom=vacancy_search_list&query=design,Теневой Профиль,Москва,100000,150000,
188,Копирайтер / Сopywriter,https://hh.ru/vacancy/54463745?from=vacancy_search_list&hhtmFrom=vacancy_search_list&query=design,ООО Тритон,Москва,70000,,руб.
189,Operation manager / Администратор проекта / Офис-менеджер,https://hh.ru/vacancy/54419246?from=vacancy_search_list&hhtmFrom=vacancy_search_list&query=design,ООО Леони Кидс,"Москва, Динамо",80000,,руб.
190,Стилист консультант в ShowRoom,https://hh.ru/vacancy/54470276?from=vacancy_search_list&hhtmFrom=vacancy_search_list&query=design,Sbalo,"Москва, Теплый Стан",43000,70000,руб.
191,Маркетолог/бренд-менеджер,https://hh.ru/vacancy/54457394?from=vacancy_search_list&hhtmFrom=vacancy_search_list&query=design,ООО HeadHunter::Департамент маркетинга,Москва,90000,,руб.
192,Менеджер по продажам дизайнерской мебели,https://hh.ru/vacancy/34259146?from=vacancy_search_list&hhtmFrom=vacancy_search_list&query=design,ООО ЭСТЕТИКА,Москва,60000,200000,руб.
193,Дизайнер-консультант (м.Киевская),https://hh.ru/vacancy/47639587?from=vacancy_search_list&hhtmFrom=vacancy_search_list&query=design,Кухонный двор,"Москва, Киевская",80000,,руб.
194,Менеджер салона мебели / Продавец-консультант,https://hh.ru/vacancy/54167049?from=vacancy_search_list&hhtmFrom=vacancy_search_list&query=design,"Эльба Мебель, Федеральная сеть",Москва,70000,,руб.
195,UI/UX дизайнер,https://hh.ru/vacancy/51319189?from=vacancy_search_list&hhtmFrom=vacancy_search_list&query=design,Security Vision,"Москва, Новокузнецкая и еще 3 ",,,
196,Дизайнер 3D визуализатор,https://hh.ru/vacancy/53997912?from=vacancy_search_list&hhtmFrom=vacancy_search_list&query=design,АэроТакси-Сервис,"Москва, Румянцево",90000,,руб.
197,Дизайнер-архитектор (помощник дизайнера),https://hh.ru/vacancy/53481414?from=vacancy_search_list&hhtmFrom=vacancy_search_list&query=design,ООО Мастера Ремонта,"Москва, Площадь Ильича и еще 1 ",120000,,руб.
198,Графический дизайнер,https://hh.ru/vacancy/53649910?from=vacancy_search_list&hhtmFrom=vacancy_search_list&query=design,REV,Москва,,,
199,UX/UI designer в международный стартап,https://hh.ru/vacancy/54553139?from=vacancy_search_list&hhtmFrom=vacancy_search_list&query=design,Team4You,Москва,,,
200,Графический дизайнер,https://hh.ru/vacancy/49230167?from=vacancy_search_list&hhtmFrom=vacancy_search_list&query=design,Экостандарт,"Москва, Бауманская",70000,,руб.
201,UI/UX дизайнер (Gamedev),https://hh.ru/vacancy/43310773?from=vacancy_search_list&hhtmFrom=vacancy_search_list&query=design,Студия Кефир,Москва,,,
202,"Менеджер проектов (продажа мебели, премиум)",https://hh.ru/vacancy/54531502?from=vacancy_search_list&hhtmFrom=vacancy_search_list&query=design,Gordon Design Studio,"Москва, Динамо и еще 1 ",40000,250000,
203,Ведущий креативный дизайнер,https://hh.ru/vacancy/53640647?from=vacancy_search_list&hhtmFrom=vacancy_search_list&query=design,LIMONI,"Москва, Первомайская",100000,120000,
204,Швея по шторам,https://hh.ru/vacancy/54515210?from=vacancy_search_list&hhtmFrom=vacancy_search_list&query=design,AJ Design,Москва,50000,,руб.
205,Арт-директор/Продуктовый дизайнер/Графический дизайнер,https://hh.ru/vacancy/52565839?from=vacancy_search_list&hhtmFrom=vacancy_search_list&query=design,ООО Академия Арт,Москва,,,
206,Дизайнер-верстальщик,https://hh.ru/vacancy/52427665?from=vacancy_search_list&hhtmFrom=vacancy_search_list&query=design,ООО Аледо,"Москва, Нагатинская",,60000,руб.
207,Графический дизайнер,https://hh.ru/vacancy/54515860?from=vacancy_search_list&hhtmFrom=vacancy_search_list&query=design,Трухин Григорий Викторович,Москва,40000,,руб.
208,Дизайнер интерьера,https://hh.ru/vacancy/50699121?from=vacancy_search_list&hhtmFrom=vacancy_search_list&query=design,ООО Rerooms,Москва,,,
209,Графический дизайнер (Удаленная работа),https://hh.ru/vacancy/35659402?from=vacancy_search_list&hhtmFrom=vacancy_search_list&query=design,ООО Go Mobile,"Москва, Цветной бульвар",,,
210,Графический дизайнер (Effects),https://hh.ru/vacancy/54558563?from=vacancy_search_list&hhtmFrom=vacancy_search_list&query=design,Prequel,Москва,,,
211,Продуктовый дизайнер (UX-UI),https://hh.ru/vacancy/53228036?from=vacancy_search_list&hhtmFrom=vacancy_search_list&query=design,Сайтсофт,"Москва, Бауманская",,150000,руб.
212,Дизайнер,https://hh.ru/vacancy/51401596?from=vacancy_search_list&hhtmFrom=vacancy_search_list&query=design,Sminex,Москва,140000,,руб.
213,Ведущий программист 1С,https://hh.ru/vacancy/54349430?from=vacancy_search_list&hhtmFrom=vacancy_search_list&query=design,Barcelona Design,"Москва, Курская и еще 1 ",,,
214,Архитектор-дизайнер,https://hh.ru/vacancy/54527041?from=vacancy_search_list&hhtmFrom=vacancy_search_list&query=design,Вирке Хаус,Москва,60000,165000,
215,"Руководитель проектов (продажа мебели, премиум)",https://hh.ru/vacancy/54534689?from=vacancy_search_list&hhtmFrom=vacancy_search_list&query=design,Gordon Design Studio,"Москва, Динамо и еще 1 ",60000,150000,
216,Архитектор-дизайнер,https://hh.ru/vacancy/54389714?from=vacancy_search_list&hhtmFrom=vacancy_search_list&query=design,ООО ЛЕО Компани,"Москва, Бульвар Рокоссовского и еще 2 ",80000,,руб.
217,Дизайнер презентаций/Архитектура,https://hh.ru/vacancy/54502595?from=vacancy_search_list&hhtmFrom=vacancy_search_list&query=design,ООО Даер Рус,"Москва, Динамо",50000,,руб.
218,Дизайнер по интерьерам и экстерьерам автомобилей,https://hh.ru/vacancy/54601454?from=vacancy_search_list&hhtmFrom=vacancy_search_list&query=design,ООО Zart,Москва,150000,200000,руб.
219,Дизайнер презентаций,https://hh.ru/vacancy/52605330?from=vacancy_search_list&hhtmFrom=vacancy_search_list&query=design,BetBoom,Москва,,,
220,Дизайнер презентаций,https://hh.ru/vacancy/54198607?from=vacancy_search_list&hhtmFrom=vacancy_search_list&query=design,ООО Digital Reputation,Москва,,,
221,UX\UI Дизайнер,https://hh.ru/vacancy/54524294?from=vacancy_search_list&hhtmFrom=vacancy_search_list&query=design,ООО Тритон,Москва,100000,,руб.
222,Senior Product Designer,https://hh.ru/vacancy/54058120?from=vacancy_search_list&hhtmFrom=vacancy_search_list&query=design,TIMELESS (ООО Оксбридж),"Москва, Курская и еще 2 ",300000,400000,руб.
223,Product designer,https://hh.ru/vacancy/50888202?from=vacancy_search_list&hhtmFrom=vacancy_search_list&query=design,Точка,Москва,200000,,руб.
224,Помощник дизайнера (Junior Web-designer),https://hh.ru/vacancy/54438997?from=vacancy_search_list&hhtmFrom=vacancy_search_list&query=design,ExpAs,"Москва, Сетунь",20000,40000,руб.
225,Lead Product Designer,https://hh.ru/vacancy/53679739?from=vacancy_search_list&hhtmFrom=vacancy_search_list&query=design,NOMIA,Москва,300000,,руб.
226,Product designer,https://hh.ru/vacancy/53960039?from=vacancy_search_list&hhtmFrom=vacancy_search_list&query=design,Center-Game,"Москва, Ботанический сад",150000,220000,руб.
227,Game Designer / Геймдизайнер,https://hh.ru/vacancy/54371910?from=vacancy_search_list&hhtmFrom=vacancy_search_list&query=design,Digital Oxygen,Москва,50000,,руб.
228,Арт-директор,https://hh.ru/vacancy/54573357?from=vacancy_search_list&hhtmFrom=vacancy_search_list&query=design,Mish Design,Москва,150000,220000,руб.
229,Junior Designer,https://hh.ru/vacancy/54604745?from=vacancy_search_list&hhtmFrom=vacancy_search_list&query=design,Sports.ru,"Москва, Новокузнецкая и еще 2 ",,,
230,Стажер – дизайнер,https://hh.ru/vacancy/54571148?from=vacancy_search_list&hhtmFrom=vacancy_search_list&query=design,Лаборатория Касперского,"Москва, Водный стадион",,,
231,Game designer (работа в офисе),https://hh.ru/vacancy/54485865?from=vacancy_search_list&hhtmFrom=vacancy_search_list&query=design,ООО Овермайнд,"Москва, Минская",,120000,руб.
232,Motion Designer,https://hh.ru/vacancy/54596044?from=vacancy_search_list&hhtmFrom=vacancy_search_list&query=design,Reliz,Москва,,,
233,Графический дизайнер,https://hh.ru/vacancy/54552666?from=vacancy_search_list&hhtmFrom=vacancy_search_list&query=design,ФГАОУ ВО Российский университет транспорта (МИИТ),Москва,150000,,руб.
234,Motion designer / Motion designer (Анимация интерфейсов),https://hh.ru/vacancy/53653061?from=vacancy_search_list&hhtmFrom=vacancy_search_list&query=design,ИП Саковская Людмила Владимировна,Москва,2000,,USD
235,Графический дизайнер,https://hh.ru/vacancy/51654837?from=vacancy_search_list&hhtmFrom=vacancy_search_list&query=design,BORK,Москва,100000,,руб.
236,Графический дизайнер,https://hh.ru/vacancy/53208714?from=vacancy_search_list&hhtmFrom=vacancy_search_list&query=design,iConText Group,"Москва, Достоевская и еще 2 ",70000,,руб.
237,Графический дизайнер/Graphic Designer,https://hh.ru/vacancy/52695494?from=vacancy_search_list&hhtmFrom=vacancy_search_list&query=design,Instories,Москва,,,
238,Graphic designer – remote,https://hh.ru/vacancy/54568475?from=vacancy_search_list&hhtmFrom=vacancy_search_list&query=design,ООО Тайгер Трейд,Москва,,,
239,Графический дизайнер,https://hh.ru/vacancy/51707131?from=vacancy_search_list&hhtmFrom=vacancy_search_list&query=design,ООО Сеть Партнерств,Москва,130000,,руб.
240,Creative Digital Designer / Креативный веб-дизайнер (удаленно),https://hh.ru/vacancy/53572722?from=vacancy_search_list&hhtmFrom=vacancy_search_list&query=design,Convergent,Москва,,,
241,Дизайнер,https://hh.ru/vacancy/54570863?from=vacancy_search_list&hhtmFrom=vacancy_search_list&query=design,ООО Лаборатория Глобал Принт,Москва,40000,,руб.
242,Motion designer (2d - 3d artist),https://hh.ru/vacancy/53713949?from=vacancy_search_list&hhtmFrom=vacancy_search_list&query=design,ООО Мегаполис Медиа,Москва,80000,100000,руб.
243,Level Designer,https://hh.ru/vacancy/52178548?from=vacancy_search_list&hhtmFrom=vacancy_search_list&query=design,Кадровое агентство Юнити,Москва,,200000,руб.
244,Дизайнер,https://hh.ru/vacancy/54523913?from=vacancy_search_list&hhtmFrom=vacancy_search_list&query=design,Atomic,"Москва, Курская и еще 2 ",60000,70000,руб.
245,3D-моделлер,https://hh.ru/vacancy/54602508?from=vacancy_search_list&hhtmFrom=vacancy_search_list&query=design,ANCOR,Москва,75–,500EUR,руб.
246,UX/UI designer,https://hh.ru/vacancy/53960053?from=vacancy_search_list&hhtmFrom=vacancy_search_list&query=design,Center-Game,"Москва, Ботанический сад",90000,150000,руб.
247,3D-дизайнер по рекламе (В ОФИС),https://hh.ru/vacancy/54526850?from=vacancy_search_list&hhtmFrom=vacancy_search_list&query=design,BRADEX,"Москва, Улица Академика Янгеля",100000,120000,руб.
248,HTML-верстальщик / Frontend-разработчик,https://hh.ru/vacancy/54250840?from=vacancy_search_list&hhtmFrom=vacancy_search_list&query=design,Design Lab,Москва,40000,60000,руб.
249,UI Designer,https://hh.ru/vacancy/52121522?from=vacancy_search_list&hhtmFrom=vacancy_search_list&query=design,Лаборатория Касперского,"Москва, Водный стадион",,,
250,Дизайнер мебели и предметов интерьера,https://hh.ru/vacancy/54254531?from=vacancy_search_list&hhtmFrom=vacancy_search_list&query=design,MADIQUE Home Design,Москва,80000,150000,
251,"Hyper Casual Game Designer, Удаленно",https://hh.ru/vacancy/53927105?from=vacancy_search_list&hhtmFrom=vacancy_search_list&query=design,LabelMe,Москва,,300000,руб.
252,Team Lead UI/UX Designer,https://hh.ru/vacancy/53748155?from=vacancy_search_list&hhtmFrom=vacancy_search_list&query=design,ООО ГЕТСИЭРЭМ,"Москва, Площадь Ильича и еще 1 ",150000,200000,руб.
253,LEAD marketing designer (удаленно),https://hh.ru/vacancy/54582582?from=vacancy_search_list&hhtmFrom=vacancy_search_list&query=design,ООО UMA.Tech,Москва,,,
254,Графический - Моушн Дизайнер / Graphic and Motion Designer,https://hh.ru/vacancy/53890126?from=vacancy_search_list&hhtmFrom=vacancy_search_list&query=design,ООО SHARE,Москва,100000,,руб.
255,Senior UX/UI Designer,https://hh.ru/vacancy/54596409?from=vacancy_search_list&hhtmFrom=vacancy_search_list&query=design,Your Next Agency,Москва,1300,2400,руб.
256,Senior Product designer,https://hh.ru/vacancy/54211435?from=vacancy_search_list&hhtmFrom=vacancy_search_list&query=design,eyezon,"Москва, Динамо и еще 1 ",,,
257,Дизайнер,https://hh.ru/vacancy/54237269?from=vacancy_search_list&hhtmFrom=vacancy_search_list&query=design,ООО Доширак Рус,Москва,55000,,руб.
258,Level designer/Левел-дизайнер,https://hh.ru/vacancy/54460955?from=vacancy_search_list&hhtmFrom=vacancy_search_list&query=design,ООО PlayMe8,Москва,,,
259,Графический дизайнер,https://hh.ru/vacancy/54161863?from=vacancy_search_list&hhtmFrom=vacancy_search_list&query=design,ООО Миловидов,Москва,80000,100000,
260,Дизайнер презентаций,https://hh.ru/vacancy/54198607?from=vacancy_search_list&hhtmFrom=vacancy_search_list&query=design,ООО Digital Reputation,Москва,,,
261,UX\UI Дизайнер,https://hh.ru/vacancy/54524294?from=vacancy_search_list&hhtmFrom=vacancy_search_list&query=design,ООО Тритон,Москва,100000,,руб.
262,Senior Product Designer,https://hh.ru/vacancy/54058120?from=vacancy_search_list&hhtmFrom=vacancy_search_list&query=design,TIMELESS (ООО Оксбридж),"Москва, Курская и еще 2 ",300000,400000,руб.
263,Product designer,https://hh.ru/vacancy/50888202?from=vacancy_search_list&hhtmFrom=vacancy_search_list&query=design,Точка,Москва,200000,,руб.
264,Помощник дизайнера (Junior Web-designer),https://hh.ru/vacancy/54438997?from=vacancy_search_list&hhtmFrom=vacancy_search_list&query=design,ExpAs,"Москва, Сетунь",20000,40000,руб.
265,Product designer,https://hh.ru/vacancy/53960039?from=vacancy_search_list&hhtmFrom=vacancy_search_list&query=design,Center-Game,"Москва, Ботанический сад",150000,220000,руб.
266,Lead Product Designer,https://hh.ru/vacancy/53679739?from=vacancy_search_list&hhtmFrom=vacancy_search_list&query=design,NOMIA,Москва,300000,,руб.
267,Game Designer / Геймдизайнер,https://hh.ru/vacancy/54371910?from=vacancy_search_list&hhtmFrom=vacancy_search_list&query=design,Digital Oxygen,Москва,50000,,руб.
268,Арт-директор,https://hh.ru/vacancy/54573357?from=vacancy_search_list&hhtmFrom=vacancy_search_list&query=design,Mish Design,Москва,150000,220000,руб.
269,Junior Designer,https://hh.ru/vacancy/54604745?from=vacancy_search_list&hhtmFrom=vacancy_search_list&query=design,Sports.ru,"Москва, Новокузнецкая и еще 2 ",,,
270,Стажер – дизайнер,https://hh.ru/vacancy/54571148?from=vacancy_search_list&hhtmFrom=vacancy_search_list&query=design,Лаборатория Касперского,"Москва, Водный стадион",,,
271,Game designer (работа в офисе),https://hh.ru/vacancy/54485865?from=vacancy_search_list&hhtmFrom=vacancy_search_list&query=design,ООО Овермайнд,"Москва, Минская",,120000,руб.
272,Графический дизайнер,https://hh.ru/vacancy/54552666?from=vacancy_search_list&hhtmFrom=vacancy_search_list&query=design,ФГАОУ ВО Российский университет транспорта (МИИТ),Москва,150000,,руб.
273,Motion Designer,https://hh.ru/vacancy/54596044?from=vacancy_search_list&hhtmFrom=vacancy_search_list&query=design,Reliz,Москва,,,
274,Motion designer / Motion designer (Анимация интерфейсов),https://hh.ru/vacancy/53653061?from=vacancy_search_list&hhtmFrom=vacancy_search_list&query=design,ИП Саковская Людмила Владимировна,Москва,2000,,USD
275,Графический дизайнер,https://hh.ru/vacancy/53208714?from=vacancy_search_list&hhtmFrom=vacancy_search_list&query=design,iConText Group,"Москва, Достоевская и еще 2 ",70000,,руб.
276,Графический дизайнер,https://hh.ru/vacancy/51654837?from=vacancy_search_list&hhtmFrom=vacancy_search_list&query=design,BORK,Москва,100000,,руб.
277,Graphic designer – remote,https://hh.ru/vacancy/54568475?from=vacancy_search_list&hhtmFrom=vacancy_search_list&query=design,ООО Тайгер Трейд,Москва,,,
278,Графический дизайнер/Graphic Designer,https://hh.ru/vacancy/52695494?from=vacancy_search_list&hhtmFrom=vacancy_search_list&query=design,Instories,Москва,,,
279,Графический дизайнер,https://hh.ru/vacancy/51707131?from=vacancy_search_list&hhtmFrom=vacancy_search_list&query=design,ООО Сеть Партнерств,Москва,130000,,руб.
280,Creative Digital Designer / Креативный веб-дизайнер (удаленно),https://hh.ru/vacancy/53572722?from=vacancy_search_list&hhtmFrom=vacancy_search_list&query=design,Convergent,Москва,,,
281,3D-дизайнер по рекламе (В ОФИС),https://hh.ru/vacancy/54526850?from=vacancy_search_list&hhtmFrom=vacancy_search_list&query=design,BRADEX,"Москва, Улица Академика Янгеля",100000,120000,
282,Product designer,https://hh.ru/vacancy/54603741?from=vacancy_search_list&hhtmFrom=vacancy_search_list&query=design,ANCOR,Москва,,,
283,Дизайнер интерьеров,https://hh.ru/vacancy/54574743?from=vacancy_search_list&hhtmFrom=vacancy_search_list&query=design,Black Triangle Design,Москва,90000,,руб.
284,UX/UI designer,https://hh.ru/vacancy/53960053?from=vacancy_search_list&hhtmFrom=vacancy_search_list&query=design,Center-Game,"Москва, Ботанический сад",90000,150000,руб.
285,Game designer (feature),https://hh.ru/vacancy/54262708?from=vacancy_search_list&hhtmFrom=vacancy_search_list&query=design,ООО Чиллгейминг,Москва,,,
286,Арт-дизайнер,https://hh.ru/vacancy/54329487?from=vacancy_search_list&hhtmFrom=vacancy_search_list&query=design,ЗАО Центрстройсвет,"Москва, Медведково",100000,,руб.
287,Дизайнер,https://hh.ru/vacancy/54570135?from=vacancy_search_list&hhtmFrom=vacancy_search_list&query=design,ООО Регион Эстейт,"Москва, Смоленская и еще 1 ",100000,100000,руб.
288,Game Designer Middle UNITY,https://hh.ru/vacancy/54437120?from=vacancy_search_list&hhtmFrom=vacancy_search_list&query=design,ИП КУЛИКОВ,"Москва, Деловой центр",100000,,руб.
289,Дизайнер,https://hh.ru/vacancy/52617742?from=vacancy_search_list&hhtmFrom=vacancy_search_list&query=design,ИП Быков Максим Андреевич,"Москва, Белорусская и еще 1 ",,,
290,Дизайнер-художник/дизайнер 2D-дженералист/помощник дизайнера,https://hh.ru/vacancy/54568762?from=vacancy_search_list&hhtmFrom=vacancy_search_list&query=design,ООО ЭВАРС,Москва,,50000,руб.
291,Дизайнер,https://hh.ru/vacancy/54237269?from=vacancy_search_list&hhtmFrom=vacancy_search_list&query=design,ООО Доширак Рус,Москва,55000,,руб.
292,UX/UI дизайнер,https://hh.ru/vacancy/54205267?from=vacancy_search_list&hhtmFrom=vacancy_search_list&query=design,Mish Design,Москва,120000,210000,руб.
293,Level designer/Левел-дизайнер,https://hh.ru/vacancy/54460955?from=vacancy_search_list&hhtmFrom=vacancy_search_list&query=design,ООО PlayMe8,Москва,,,
294,Геймдизайнер в группу фичей / Senior Game Designer (Features),https://hh.ru/vacancy/54374612?from=vacancy_search_list&hhtmFrom=vacancy_search_list&query=design,RJ Games,"Москва, Новокузнецкая и еще 2 ",,,
295,Senior Product designer,https://hh.ru/vacancy/54211435?from=vacancy_search_list&hhtmFrom=vacancy_search_list&query=design,eyezon,"Москва, Динамо и еще 1 ",,,
296,Гейм дизайнер / Game designer,https://hh.ru/vacancy/54598241?from=vacancy_search_list&hhtmFrom=vacancy_search_list&query=design,VIM DIGITAL,"Москва, Киевская",,,
297,ASIC Backend Design Engineer,https://hh.ru/vacancy/54554697?from=vacancy_search_list&hhtmFrom=vacancy_search_list&query=design,DIS Group,Москва,4000,,USD
298,Графический дизайнер / Дизайнер-верстальщик,https://hh.ru/vacancy/54469946?from=vacancy_search_list&hhtmFrom=vacancy_search_list&query=design,ООО Ай-па,"Москва, Планерная",50000,55000,USD
299,Motion-designer,https://hh.ru/vacancy/52825612?from=vacancy_search_list&hhtmFrom=vacancy_search_list&query=design,ООО 9 Панд,"Москва, Алексеевская",70000,,руб.
300,Графический дизайнер,https://hh.ru/vacancy/54252662?from=vacancy_search_list&hhtmFrom=vacancy_search_list&query=design,ЗАО Центрстройсвет,"Москва, Медведково",70000,,руб.
301,Дизайнер,https://hh.ru/vacancy/54379425?from=vacancy_search_list&hhtmFrom=vacancy_search_list&query=design,ООО Юнион,Москва,,,
302,3D-моделлер,https://hh.ru/vacancy/54244038?from=vacancy_search_list&hhtmFrom=vacancy_search_list&query=design,ДИВАН.РУ,Москва,,,
303,Senior Graphic Designer,https://hh.ru/vacancy/54042368?from=vacancy_search_list&hhtmFrom=vacancy_search_list&query=design,ТОО OrientSwiss,Москва,,,
304,Дизайнер UI/UX,https://hh.ru/vacancy/54587789?from=vacancy_search_list&hhtmFrom=vacancy_search_list&query=design,РТС-тендер,Москва,,,
305,Продуктовый дизайнер UX/UI / Product designer,https://hh.ru/vacancy/53981184?from=vacancy_search_list&hhtmFrom=vacancy_search_list&query=design,Группа Самолет,Москва,,,
306,Level Designer,https://hh.ru/vacancy/53688539?from=vacancy_search_list&hhtmFrom=vacancy_search_list&query=design,ТОО MadOut Games,Москва,,,
307,Графический дизайнер,https://hh.ru/vacancy/54479862?from=vacancy_search_list&hhtmFrom=vacancy_search_list&query=design,ВинЭкс,"Москва, Тульская",50000,70000,
308,Lead Designer,https://hh.ru/vacancy/52497553?from=vacancy_search_list&hhtmFrom=vacancy_search_list&query=design,"Accel Club, Inc","Москва, Савёловская и еще 2 ",,,
309,UX/UI Дизайнер,https://hh.ru/vacancy/54593843?from=vacancy_search_list&hhtmFrom=vacancy_search_list&query=design,ООО Омега,Москва,120000,,руб.
310,Product Designer (remote),https://hh.ru/vacancy/54462067?from=vacancy_search_list&hhtmFrom=vacancy_search_list&query=design,Wisebits,Москва,3000,,EUR
311,Motion Designer,https://hh.ru/vacancy/53423165?from=vacancy_search_list&hhtmFrom=vacancy_search_list&query=design,Студия КиС,"Москва, Серпуховская",80000,,руб.
312,Level Designer,https://hh.ru/vacancy/53986546?from=vacancy_search_list&hhtmFrom=vacancy_search_list&query=design,Joy Way,Москва,,,
313,Level Designer,https://hh.ru/vacancy/54567168?from=vacancy_search_list&hhtmFrom=vacancy_search_list&query=design,Talents In Games,Москва,,,
314,Senior Ui designer (Дизайн-система),https://hh.ru/vacancy/52122138?from=vacancy_search_list&hhtmFrom=vacancy_search_list&query=design,Лаборатория Касперского,"Москва, Водный стадион",,,
315,Motion Designer,https://hh.ru/vacancy/52467322?from=vacancy_search_list&hhtmFrom=vacancy_search_list&query=design,Instories,Москва,,,
316,Архитектор,https://hh.ru/vacancy/54382761?from=vacancy_search_list&hhtmFrom=vacancy_search_list&query=design,DESIGN SOLUTIONS,Москва,,,
317,Senior / middle UX/UI designer,https://hh.ru/vacancy/54592049?from=vacancy_search_list&hhtmFrom=vacancy_search_list&query=design,MANGO OFFICE,"Москва, Калужская",,,
318,Product Designer,https://hh.ru/vacancy/54482204?from=vacancy_search_list&hhtmFrom=vacancy_search_list&query=design,ООО Оскели Групп,Москва,,,
319,2D Motion-Designer,https://hh.ru/vacancy/49123264?from=vacancy_search_list&hhtmFrom=vacancy_search_list&query=design,AppQuantum,"Москва, Автозаводская",,,
320,Web designer (Веб-дизайнер UI/UX),https://hh.ru/vacancy/54601894?from=vacancy_search_list&hhtmFrom=vacancy_search_list&query=design,ООО Профитсайз,"Москва, Бауманская",50000,70000,
321,Game Monetization Designer / LiveOps,https://hh.ru/vacancy/54465822?from=vacancy_search_list&hhtmFrom=vacancy_search_list&query=design,Plarium,Москва,,,
322,UX/UI Designer middle+,https://hh.ru/vacancy/54499791?from=vacancy_search_list&hhtmFrom=vacancy_search_list&query=design,ITPO group,Москва,,,
323,Дизайнер,https://hh.ru/vacancy/54246285?from=vacancy_search_list&hhtmFrom=vacancy_search_list&query=design,Агентство стратегического развития «ЦЕНТР»,"Москва, Арбатская",50000,70000,
324,Дизайнер пользовательских интерфейсов (UX/UI),https://hh.ru/vacancy/54478030?from=vacancy_search_list&hhtmFrom=vacancy_search_list&query=design,ЗАО ТЕРМИКА,Москва,90000,120000,
325,Lead Product Designer (Demand),https://hh.ru/vacancy/54509597?from=vacancy_search_list&hhtmFrom=vacancy_search_list&query=design,СберМаркет,Москва,,,
326,Senior Digital Product Designer,https://hh.ru/vacancy/54499122?from=vacancy_search_list&hhtmFrom=vacancy_search_list&query=design,AdGuard,"Москва, Тульская и еще 1 ",,,
327,Графический дизайнер,https://hh.ru/vacancy/54499219?from=vacancy_search_list&hhtmFrom=vacancy_search_list&query=design,ООО Фиджи Спорт Клуб,Москва,,80000,руб.
328,Layout Designer (Marketing Design Agency),https://hh.ru/vacancy/54419215?from=vacancy_search_list&hhtmFrom=vacancy_search_list&query=design,Semrush,Москва,,,
329,Графический дизайнер,https://hh.ru/vacancy/54432372?from=vacancy_search_list&hhtmFrom=vacancy_search_list&query=design,Муз-ТВ,"Москва, Бауманская и еще 2 ",,,
330,Motion Designer,https://hh.ru/vacancy/54425592?from=vacancy_search_list&hhtmFrom=vacancy_search_list&query=design,IT-hunters,Москва,70000,80000,
331,Product designer,https://hh.ru/vacancy/54381317?from=vacancy_search_list&hhtmFrom=vacancy_search_list&query=design,ООО ЕСН,"Москва, Парк культуры",200000,,руб.
332,Lead UI/UX Designer,https://hh.ru/vacancy/53983047?from=vacancy_search_list&hhtmFrom=vacancy_search_list&query=design,Game Insight,Москва,,,
333,Senior UX/UI Designer,https://hh.ru/vacancy/53702520?from=vacancy_search_list&hhtmFrom=vacancy_search_list&query=design,Game Insight,Москва,,,
334,Визуализатор,https://hh.ru/vacancy/54434845?from=vacancy_search_list&hhtmFrom=vacancy_search_list&query=design,ООО BOLOTNY architecture & design,"Москва, Пушкинская и еще 1 ",,,
335,Game designer (match 2 core),https://hh.ru/vacancy/54296925?from=vacancy_search_list&hhtmFrom=vacancy_search_list&query=design,Nakusi Games,Москва,,,
336,UX/UI designer,https://hh.ru/vacancy/53704901?from=vacancy_search_list&hhtmFrom=vacancy_search_list&query=design,Т1 Консалтинг,"Москва, Автозаводская и еще 1 ",,,
337,Motion designer,https://hh.ru/vacancy/54459984?from=vacancy_search_list&hhtmFrom=vacancy_search_list&query=design,Корпорация СИНЕРГИЯ,Москва,90000,100000,
338,UI/UX дизайнер,https://hh.ru/vacancy/53555606?from=vacancy_search_list&hhtmFrom=vacancy_search_list&query=design,idaproject,"Москва, Калужская",70000,,руб.
339,Senior UX Designer,https://hh.ru/vacancy/53266406?from=vacancy_search_list&hhtmFrom=vacancy_search_list&query=design,Game Insight,Москва,,,
340,Веб-дизайнер/Web-designer,https://hh.ru/vacancy/53182018?from=vacancy_search_list&hhtmFrom=vacancy_search_list&query=design,РОСЭЛТОРГ,"Москва, Павелецкая",,,
341,Product Designer,https://hh.ru/vacancy/54215617?from=vacancy_search_list&hhtmFrom=vacancy_search_list&query=design,Dzing Finance,Москва,2500,3300,
342,Senior UX/UI Designer,https://hh.ru/vacancy/53702520?from=vacancy_search_list&hhtmFrom=vacancy_search_list&query=design,Game Insight,Москва,,,
343,Product Designer,https://hh.ru/vacancy/54379232?from=vacancy_search_list&hhtmFrom=vacancy_search_list&query=design,FIX,Москва,,,
344,Creative Producer,https://hh.ru/vacancy/50778397?from=vacancy_search_list&hhtmFrom=vacancy_search_list&query=design,ООО Хайкор Геймз,Москва,,,
345,Product Designer,https://hh.ru/vacancy/54251388?from=vacancy_search_list&hhtmFrom=vacancy_search_list&query=design,LATOKEN,Москва,250000,450000,
346,Web-дизайнер/UI / UX дизайнер,https://hh.ru/vacancy/53805414?from=vacancy_search_list&hhtmFrom=vacancy_search_list&query=design,ООО ГрандТитул,Москва,120000,,руб.
347,Графический дизайнер,https://hh.ru/vacancy/54368998?from=vacancy_search_list&hhtmFrom=vacancy_search_list&query=design,Esterk Lux Parfum,"Москва, Полежаевская",,,
348,Motion Designer,https://hh.ru/vacancy/54379396?from=vacancy_search_list&hhtmFrom=vacancy_search_list&query=design,Azur Games,"Москва, Баррикадная и еще 2 ",,,
349,Senior Product Designer Mobile,https://hh.ru/vacancy/54197753?from=vacancy_search_list&hhtmFrom=vacancy_search_list&query=design,Метр Квадратный,Москва,,,
350,Product Designer,https://hh.ru/vacancy/52913985?from=vacancy_search_list&hhtmFrom=vacancy_search_list&query=design,ООО Айсмарт,Москва,180000,,руб.
351,Product Design Lead,https://hh.ru/vacancy/53807270?from=vacancy_search_list&hhtmFrom=vacancy_search_list&query=design,Юрент,Москва,,,
352,Narrative designer,https://hh.ru/vacancy/54137902?from=vacancy_search_list&hhtmFrom=vacancy_search_list&query=design,Geeky House,Москва,,,
353,Архитектор,https://hh.ru/vacancy/54434871?from=vacancy_search_list&hhtmFrom=vacancy_search_list&query=design,ООО BOLOTNY architecture & design,"Москва, Пушкинская и еще 1 ",,,
354,Head of Design,https://hh.ru/vacancy/54295614?from=vacancy_search_list&hhtmFrom=vacancy_search_list&query=design,TanukiTech (ООО ВЕГА),"Москва, Деловой центр",,,
355,Middle Frontend разработчик,https://hh.ru/vacancy/54290143?from=vacancy_search_list&hhtmFrom=vacancy_search_list&query=design,ООО Авторские медиа,Москва,200000,220000,
356,Junior Technical Game-Designer,https://hh.ru/vacancy/50526254?from=vacancy_search_list&hhtmFrom=vacancy_search_list&query=design,BANZAI.GAMES,"Москва, Аэропорт",,,
357,Графический Дизайнер,https://hh.ru/vacancy/53287970?from=vacancy_search_list&hhtmFrom=vacancy_search_list&query=design,THOMAS MUNZ,"Москва, Щукинская",100000,,руб.
358,Дизайнер,https://hh.ru/vacancy/53450834?from=vacancy_search_list&hhtmFrom=vacancy_search_list&query=design,ООО Портобелло Продактс,"Москва, Улица 1905 года",70000,,руб.
359,UI-дизайнер веб-интерфейсов,https://hh.ru/vacancy/53616357?from=vacancy_search_list&hhtmFrom=vacancy_search_list&query=design,ООО Современные информационные технологии,Москва,,,
360,UX/UI Дизайнер (проектировщик интерфейсов),https://hh.ru/vacancy/54395277?from=vacancy_search_list&hhtmFrom=vacancy_search_list&query=design,Монополия,Москва,,,
361,Lead UI/UX Designer,https://hh.ru/vacancy/51943548?from=vacancy_search_list&hhtmFrom=vacancy_search_list&query=design,KamaGames Studio,"Москва, Новокузнецкая",,,
362,Промышленный дизайнер / Industrial designer (MTS Devices),https://hh.ru/vacancy/53314151?from=vacancy_search_list&hhtmFrom=vacancy_search_list&query=design,ПАО «МТС» ,"Москва, Технопарк",,,
363,UI Designer (Senior),https://hh.ru/vacancy/54218853?from=vacancy_search_list&hhtmFrom=vacancy_search_list&query=design,Лаборатория Касперского,Москва,,,
364,Дизайнер интерьеров,https://hh.ru/vacancy/54213353?from=vacancy_search_list&hhtmFrom=vacancy_search_list&query=design,Студия дизайна Wanted Design Studio,Москва,70000,130000,
365,Middle Frontend разработчик,https://hh.ru/vacancy/54290143?from=vacancy_search_list&hhtmFrom=vacancy_search_list&query=design,ООО Авторские медиа,Москва,200000,220000,
366,Product Designer (mobile),https://hh.ru/vacancy/53986009?from=vacancy_search_list&hhtmFrom=vacancy_search_list&query=design,ООО Талала,Москва,,,
367,Графический дизайнер,https://hh.ru/vacancy/54299494?from=vacancy_search_list&hhtmFrom=vacancy_search_list&query=design,ИП Агентство по трудоустройству Ольги Тихомировой,Москва,,,
368,Industrial Designer,https://hh.ru/vacancy/53277051?from=vacancy_search_list&hhtmFrom=vacancy_search_list&query=design,Русджам Стеклотара Холдинг,"Москва, Бабушкинская",,,
369,Дизайнер в рекламное агентство (проектная работа),https://hh.ru/vacancy/54044140?from=vacancy_search_list&hhtmFrom=vacancy_search_list&query=design,Веб-студия Мы Еноты,Москва,80000,150000,
370,3D Motion Designer / Моушен Дизайнер / CG Generalist,https://hh.ru/vacancy/54291425?from=vacancy_search_list&hhtmFrom=vacancy_search_list&query=design,ООО Экокомерс,Москва,60000,120000,
371,Ui designer (Дизайн-система),https://hh.ru/vacancy/54219398?from=vacancy_search_list&hhtmFrom=vacancy_search_list&query=design,Лаборатория Касперского,Москва,,,
372,UI/UX-designer,https://hh.ru/vacancy/52480058?from=vacancy_search_list&hhtmFrom=vacancy_search_list&query=design,ООО IQnergy,Москва,,,
373,Графический дизайнер,https://hh.ru/vacancy/54205446?from=vacancy_search_list&hhtmFrom=vacancy_search_list&query=design,ООО ОМНИК,Москва,,,
374,Дизайнер web-анимации,https://hh.ru/vacancy/54460265?from=vacancy_search_list&hhtmFrom=vacancy_search_list&query=design,Лига Ставок,"Москва, Белорусская",,,
375,3D Motion designer / 3D Моушн Дизайнер,https://hh.ru/vacancy/52558337?from=vacancy_search_list&hhtmFrom=vacancy_search_list&query=design,ООО Мир Хобби,"Москва, Бауманская",60000,130000,
376,Senior designer UX/UI,https://hh.ru/vacancy/54355627?from=vacancy_search_list&hhtmFrom=vacancy_search_list&query=design,ИП Вейман Варвара Петровна,Москва,,,
377,UX/UI Designer,https://hh.ru/vacancy/54054195?from=vacancy_search_list&hhtmFrom=vacancy_search_list&query=design,EMCD Tech LTD,Москва,,3000,USD
378,Graphic Designer/Illustrator,https://hh.ru/vacancy/54238711?from=vacancy_search_list&hhtmFrom=vacancy_search_list&query=design,Guavapay Limited,Москва,1500,3000,USD
379,UI/UX Designer Game Dev,https://hh.ru/vacancy/54198245?from=vacancy_search_list&hhtmFrom=vacancy_search_list&query=design,Red Rift,Москва,,,
380,Designer (Pixel art),https://hh.ru/vacancy/53697240?from=vacancy_search_list&hhtmFrom=vacancy_search_list&query=design,ZiMAD,Москва,,,
381,Motion designer/видеодизайнер,https://hh.ru/vacancy/54283600?from=vacancy_search_list&hhtmFrom=vacancy_search_list&query=design,IvlAN,Москва,,,
382,Дизайн-менеджер / Design Manager,https://hh.ru/vacancy/47176867?from=vacancy_search_list&hhtmFrom=vacancy_search_list&query=design,Devexperts,Москва,,,
383,Графический дизайнер,https://hh.ru/vacancy/53802066?from=vacancy_search_list&hhtmFrom=vacancy_search_list&query=design,АО Кон.Трол,Москва,,,
384,Level Designer (Hardcore),https://hh.ru/vacancy/50615766?from=vacancy_search_list&hhtmFrom=vacancy_search_list&query=design,Game Insight,Москва,,,
385,Graphic designer (мобильные игры),https://hh.ru/vacancy/50339074?from=vacancy_search_list&hhtmFrom=vacancy_search_list&query=design,ZiMAD,Москва,,,
386,Графический дизайнер,https://hh.ru/vacancy/52472042?from=vacancy_search_list&hhtmFrom=vacancy_search_list&query=design,BetBoom,"Москва, Автозаводская и еще 1 ",,,
387,UI/UX designer (Game),https://hh.ru/vacancy/54293853?from=vacancy_search_list&hhtmFrom=vacancy_search_list&query=design,SPL,Москва,,,
388,Junior Design Engineer,https://hh.ru/vacancy/51497196?from=vacancy_search_list&hhtmFrom=vacancy_search_list&query=design,Coleman Group,Москва,,,
389,Моушн дизайнер (Motion designer),https://hh.ru/vacancy/53690465?from=vacancy_search_list&hhtmFrom=vacancy_search_list&query=design,ООО Камон,"Москва, Академическая и еще 1 ",90000,,руб.
390,Графический дизайнер,https://hh.ru/vacancy/50847367?from=vacancy_search_list&hhtmFrom=vacancy_search_list&query=design,ЛЕОВИТ нутрио,"Москва, Отрадное",,,
391,Lead Motion Designer (Ведущий Моушен дизайнер),https://hh.ru/vacancy/49122988?from=vacancy_search_list&hhtmFrom=vacancy_search_list&query=design,Social Quantum,"Москва, Пушкинская и еще 1 ",,,
392,UI/UX Designer (E-learning / Gamedev) / Продуктовый дизайнер,https://hh.ru/vacancy/53333473?from=vacancy_search_list&hhtmFrom=vacancy_search_list&query=design,ООО Онлайн-школа Фоксфорд,"Москва, Тульская",,,
393,Помощник руководителя (дизайн и отделка помещений),https://hh.ru/vacancy/54133008?from=vacancy_search_list&hhtmFrom=vacancy_search_list&query=design,Design-family,Москва,40000,80000,
394,"Руководитель проектов (фит-аут, design and build, отделка)",https://hh.ru/vacancy/53016044?from=vacancy_search_list&hhtmFrom=vacancy_search_list&query=design,ООО АРС,"Москва, Октябрьское поле и еще 1 ",120000,,руб.
395,Senior designer,https://hh.ru/vacancy/52204050?from=vacancy_search_list&hhtmFrom=vacancy_search_list&query=design,СберМаркетинг,Москва,,,
396,Product designer B2B,https://hh.ru/vacancy/54044787?from=vacancy_search_list&hhtmFrom=vacancy_search_list&query=design,СберМаркет,Москва,,,
397,UX/UI Designer (Product designer),https://hh.ru/vacancy/53633045?from=vacancy_search_list&hhtmFrom=vacancy_search_list&query=design,ООО СФ Лабс,Москва,,,
398,Графический дизайнер,https://hh.ru/vacancy/51781271?from=vacancy_search_list&hhtmFrom=vacancy_search_list&query=design,Ларионова Наталия Михайловна,"Москва, Славянский бульвар",60000,,руб.
399,Графический дизайнер,https://hh.ru/vacancy/51207255?from=vacancy_search_list&hhtmFrom=vacancy_search_list&query=design,ООО 9 Панд,"Москва, Алексеевская",80000,,руб.
400,2D Motion Designer (GameDev),https://hh.ru/vacancy/53933493?from=vacancy_search_list&hhtmFrom=vacancy_search_list&query=design,Playkot,Москва,,,
401,Footwear designer,https://hh.ru/vacancy/51496881?from=vacancy_search_list&hhtmFrom=vacancy_search_list&query=design,"Компания «СПОРТМАСТЕР», Производство и дистрибуция",Москва,,,
402,UX/UI Дизайнер,https://hh.ru/vacancy/54059636?from=vacancy_search_list&hhtmFrom=vacancy_search_list&query=design,TanukiTech (ООО ВЕГА),"Москва, Деловой центр",,,
403,Game Designer,https://hh.ru/vacancy/50539213?from=vacancy_search_list&hhtmFrom=vacancy_search_list&query=design,Game Insight,Москва,,,
404,UX/UI Designer,https://hh.ru/vacancy/52247148?from=vacancy_search_list&hhtmFrom=vacancy_search_list&query=design,"Иннотех, Группа компаний","Москва, Выставочная и еще 3 ",,,
405,Product designer/продуктовый дизайнер,https://hh.ru/vacancy/52407411?from=vacancy_search_list&hhtmFrom=vacancy_search_list&query=design,B2B-Center,"Москва, Сокольники",,,
406,Дизайнер в event-агентство,https://hh.ru/vacancy/53588175?from=vacancy_search_list&hhtmFrom=vacancy_search_list&query=design,Great,Москва,,,
407,Senior Level Designer (RnD),https://hh.ru/vacancy/54055113?from=vacancy_search_list&hhtmFrom=vacancy_search_list&query=design,Белка Геймз,Москва,,,
408,Graphic Designer,https://hh.ru/vacancy/53826718?from=vacancy_search_list&hhtmFrom=vacancy_search_list&query=design,AiNanoLab,Москва,3000,4000,
409,Senior UX designer,https://hh.ru/vacancy/49899031?from=vacancy_search_list&hhtmFrom=vacancy_search_list&query=design,USABILITYLAB,Москва,,,
410,Level Designer match-3 (Дизайнер уровней match-3),https://hh.ru/vacancy/53645876?from=vacancy_search_list&hhtmFrom=vacancy_search_list&query=design,Social Quantum,"Москва, Пушкинская и еще 1 ",,,
411,Product Designer,https://hh.ru/vacancy/52304646?from=vacancy_search_list&hhtmFrom=vacancy_search_list&query=design,Smartcat,"Москва, Отрадное",,,
412,UX/UI designer,https://hh.ru/vacancy/51353280?from=vacancy_search_list&hhtmFrom=vacancy_search_list&query=design,Mercury,Москва,,,
413,Гейм-дизайнер по монетизации (MY.GAMES),https://hh.ru/vacancy/52846937?from=vacancy_search_list&hhtmFrom=vacancy_search_list&query=design,"VK, MY.GAMES",Москва,,,
414,Product Designer,https://hh.ru/vacancy/53950090?from=vacancy_search_list&hhtmFrom=vacancy_search_list&query=design,Artec 3D Adriatica,"Москва, Библиотека им.Ленина и еще 3 ",,,
415,UX UI Designer,https://hh.ru/vacancy/53588369?from=vacancy_search_list&hhtmFrom=vacancy_search_list&query=design,Группа НЛМК,Москва,,,
416,Графический дизайнер (Web-дизайнер),https://hh.ru/vacancy/53870652?from=vacancy_search_list&hhtmFrom=vacancy_search_list&query=design,ROOMGRAM,Москва,,,
417,UI UX Дизайнер,https://hh.ru/vacancy/53777114?from=vacancy_search_list&hhtmFrom=vacancy_search_list&query=design,Kukarella,Москва,50000,90000,
418,Game Designer,https://hh.ru/vacancy/53805298?from=vacancy_search_list&hhtmFrom=vacancy_search_list&query=design,Glera Games,Москва,,,
419,Senior product designer,https://hh.ru/vacancy/50346485?from=vacancy_search_list&hhtmFrom=vacancy_search_list&query=design,Osome,Москва,3000,,USD
420,Эксперт по исследованию клиентского опыта CX (b2c),https://hh.ru/vacancy/52287780?from=vacancy_search_list&hhtmFrom=vacancy_search_list&query=design,ООО HeadHunter::Product Management,"Москва, Алексеевская",,,
421,Эксперт по исследованию клиентского опыта CX (b2b),https://hh.ru/vacancy/52287498?from=vacancy_search_list&hhtmFrom=vacancy_search_list&query=design,ООО HeadHunter::Product Management,"Москва, Алексеевская",,,
422,Комплектатор в Дизайн интерьера,https://hh.ru/vacancy/54488777?from=vacancy_search_list&hhtmFrom=vacancy_search_list&query=design,Итер Групп,"Москва, Бауманская",80000,150000,
423,Business Analyst (mobile development),https://hh.ru/vacancy/54493564?from=vacancy_search_list&hhtmFrom=vacancy_search_list&query=design,ООО Чистый разум,Москва,,,
424,Java developer (команда Монетизация),https://hh.ru/vacancy/52082133?from=vacancy_search_list&hhtmFrom=vacancy_search_list&query=design,ООО HeadHunter::Backend,"Москва, Алексеевская",,,
425,Java developer (команда Интеграция),https://hh.ru/vacancy/52083698?from=vacancy_search_list&hhtmFrom=vacancy_search_list&query=design,ООО HeadHunter::Backend,"Москва, Алексеевская",,,
426,Frontend разработчик,https://hh.ru/vacancy/54468910?from=vacancy_search_list&hhtmFrom=vacancy_search_list&query=design,ООО Сошал Системс,"Москва, Коломенская",100000,200000,
427,Инженер-конструктор,https://hh.ru/vacancy/54463551?from=vacancy_search_list&hhtmFrom=vacancy_search_list&query=design,Теневой Профиль,Москва,100000,150000,
428,Копирайтер / Сopywriter,https://hh.ru/vacancy/54463745?from=vacancy_search_list&hhtmFrom=vacancy_search_list&query=design,ООО Тритон,Москва,70000,,руб.
429,Operation manager / Администратор проекта / Офис-менеджер,https://hh.ru/vacancy/54419246?from=vacancy_search_list&hhtmFrom=vacancy_search_list&query=design,ООО Леони Кидс,"Москва, Динамо",80000,,руб.
430,Стилист консультант в ShowRoom,https://hh.ru/vacancy/54470276?from=vacancy_search_list&hhtmFrom=vacancy_search_list&query=design,Sbalo,"Москва, Теплый Стан",43000,70000,руб.
431,Маркетолог/бренд-менеджер,https://hh.ru/vacancy/54457394?from=vacancy_search_list&hhtmFrom=vacancy_search_list&query=design,ООО HeadHunter::Департамент маркетинга,Москва,90000,,руб.
432,Менеджер по продажам дизайнерской мебели,https://hh.ru/vacancy/34259146?from=vacancy_search_list&hhtmFrom=vacancy_search_list&query=design,ООО ЭСТЕТИКА,Москва,60000,200000,руб.
433,Дизайнер-консультант (м.Киевская),https://hh.ru/vacancy/47639587?from=vacancy_search_list&hhtmFrom=vacancy_search_list&query=design,Кухонный двор,"Москва, Киевская",80000,,руб.
434,Менеджер салона мебели / Продавец-консультант,https://hh.ru/vacancy/54167049?from=vacancy_search_list&hhtmFrom=vacancy_search_list&query=design,"Эльба Мебель, Федеральная сеть",Москва,70000,,руб.
435,UI/UX дизайнер,https://hh.ru/vacancy/51319189?from=vacancy_search_list&hhtmFrom=vacancy_search_list&query=design,Security Vision,"Москва, Новокузнецкая и еще 3 ",,,
436,Дизайнер 3D визуализатор,https://hh.ru/vacancy/53997912?from=vacancy_search_list&hhtmFrom=vacancy_search_list&query=design,АэроТакси-Сервис,"Москва, Румянцево",90000,,руб.
437,Дизайнер-архитектор (помощник дизайнера),https://hh.ru/vacancy/53481414?from=vacancy_search_list&hhtmFrom=vacancy_search_list&query=design,ООО Мастера Ремонта,"Москва, Площадь Ильича и еще 1 ",120000,,руб.
438,Графический дизайнер,https://hh.ru/vacancy/53649910?from=vacancy_search_list&hhtmFrom=vacancy_search_list&query=design,REV,Москва,,,
439,UX/UI designer в международный стартап,https://hh.ru/vacancy/54553139?from=vacancy_search_list&hhtmFrom=vacancy_search_list&query=design,Team4You,Москва,,,
440,Графический дизайнер,https://hh.ru/vacancy/49230167?from=vacancy_search_list&hhtmFrom=vacancy_search_list&query=design,Экостандарт,"Москва, Бауманская",70000,,руб.
441,UI/UX дизайнер (Gamedev),https://hh.ru/vacancy/43310773?from=vacancy_search_list&hhtmFrom=vacancy_search_list&query=design,Студия Кефир,Москва,,,
442,"Менеджер проектов (продажа мебели, премиум)",https://hh.ru/vacancy/54531502?from=vacancy_search_list&hhtmFrom=vacancy_search_list&query=design,Gordon Design Studio,"Москва, Динамо и еще 1 ",40000,250000,
443,Ведущий креативный дизайнер,https://hh.ru/vacancy/53640647?from=vacancy_search_list&hhtmFrom=vacancy_search_list&query=design,LIMONI,"Москва, Первомайская",100000,120000,
444,Швея по шторам,https://hh.ru/vacancy/54515210?from=vacancy_search_list&hhtmFrom=vacancy_search_list&query=design,AJ Design,Москва,50000,,руб.
445,Арт-директор/Продуктовый дизайнер/Графический дизайнер,https://hh.ru/vacancy/52565839?from=vacancy_search_list&hhtmFrom=vacancy_search_list&query=design,ООО Академия Арт,Москва,,,
446,Дизайнер-верстальщик,https://hh.ru/vacancy/52427665?from=vacancy_search_list&hhtmFrom=vacancy_search_list&query=design,ООО Аледо,"Москва, Нагатинская",,60000,руб.
447,Дизайнер интерьера,https://hh.ru/vacancy/50699121?from=vacancy_search_list&hhtmFrom=vacancy_search_list&query=design,ООО Rerooms,Москва,,,
448,Графический дизайнер,https://hh.ru/vacancy/54515860?from=vacancy_search_list&hhtmFrom=vacancy_search_list&query=design,Трухин Григорий Викторович,Москва,40000,,руб.
449,Графический дизайнер (Удаленная работа),https://hh.ru/vacancy/35659402?from=vacancy_search_list&hhtmFrom=vacancy_search_list&query=design,ООО Go Mobile,"Москва, Цветной бульвар",,,
450,Графический дизайнер (Effects),https://hh.ru/vacancy/54558563?from=vacancy_search_list&hhtmFrom=vacancy_search_list&query=design,Prequel,Москва,,,
451,Продуктовый дизайнер (UX-UI),https://hh.ru/vacancy/53228036?from=vacancy_search_list&hhtmFrom=vacancy_search_list&query=design,Сайтсофт,"Москва, Бауманская",,150000,руб.
452,Дизайнер,https://hh.ru/vacancy/51401596?from=vacancy_search_list&hhtmFrom=vacancy_search_list&query=design,Sminex,Москва,140000,,руб.
453,Ведущий программист 1С,https://hh.ru/vacancy/54349430?from=vacancy_search_list&hhtmFrom=vacancy_search_list&query=design,Barcelona Design,"Москва, Курская и еще 1 ",,,
454,Архитектор-дизайнер,https://hh.ru/vacancy/54527041?from=vacancy_search_list&hhtmFrom=vacancy_search_list&query=design,Вирке Хаус,Москва,60000,165000,
455,"Руководитель проектов (продажа мебели, премиум)",https://hh.ru/vacancy/54534689?from=vacancy_search_list&hhtmFrom=vacancy_search_list&query=design,Gordon Design Studio,"Москва, Динамо и еще 1 ",60000,150000,
456,Архитектор-дизайнер,https://hh.ru/vacancy/54389714?from=vacancy_search_list&hhtmFrom=vacancy_search_list&query=design,ООО ЛЕО Компани,"Москва, Бульвар Рокоссовского и еще 2 ",80000,,руб.
457,Дизайнер презентаций/Архитектура,https://hh.ru/vacancy/54502595?from=vacancy_search_list&hhtmFrom=vacancy_search_list&query=design,ООО Даер Рус,"Москва, Динамо",50000,,руб.
458,Дизайнер по интерьерам и экстерьерам автомобилей,https://hh.ru/vacancy/54601454?from=vacancy_search_list&hhtmFrom=vacancy_search_list&query=design,ООО Zart,Москва,150000,200000,руб.
459,Дизайнер презентаций,https://hh.ru/vacancy/52605330?from=vacancy_search_list&hhtmFrom=vacancy_search_list&query=design,BetBoom,Москва,,,
